<KicadtoNgspice><source><vv1 name="Source type">10m)</vv1><v2 name="Source type">5</v2><v4 name="Source type">5v</v4><vv3 name="Source type">10m)</vv3></source><model /><devicemodel><s2><field>C:\FOSSEE\eSim\library\deviceModelLibrary\Switch\switch1.lib</field></s2><s3><field>C:\FOSSEE\eSim\library\deviceModelLibrary\Switch\switch1.lib</field></s3><s4><field>C:\FOSSEE\eSim\library\deviceModelLibrary\Switch\switch1.lib</field></s4><m2><field>C:\FOSSEE\eSim\library\deviceModelLibrary\MOS\NMOS-0.5um.lib</field><field>10u</field><field>1u</field><field>1</field></m2><m1><field>C:\FOSSEE\eSim\library\deviceModelLibrary\MOS\PMOS-0.5um.lib</field><field>10u</field><field>1u</field><field>1</field></m1><m3><field>C:\FOSSEE\eSim\library\deviceModelLibrary\MOS\NMOS-0.5um.lib</field><field>10u</field><field>1u</field><field>1</field></m3><m4><field>C:\FOSSEE\eSim\library\deviceModelLibrary\MOS\PMOS-0.5um.lib</field><field>10u</field><field>1u</field><field>1</field></m4><s6><field>C:\FOSSEE\eSim\library\deviceModelLibrary\Switch\switch1.lib</field></s6><s5><field>C:\FOSSEE\eSim\library\deviceModelLibrary\Switch\switch1.lib</field></s5><s1><field>C:\FOSSEE\eSim\library\deviceModelLibrary\Switch\switch1.lib</field></s1></devicemodel><subcircuit /><microcontroller /><analysis><ac><field1 name="Lin">true</field1><field2 name="Dec">false</field2><field3 name="Oct">false</field3><field4 name="Start Frequency" /><field5 name="Stop Frequency" /><field6 name="No. of points" /><field7 name="Start Fre Combo">Hz</field7><field8 name="Stop Fre Combo">Hz</field8></ac><dc><field1 name="Source 1" /><field2 name="Start" /><field3 name="Increment" /><field4 name="Stop" /><field5 name="Operating Point">0</field5><field6 name="Start Combo">Volts or Amperes</field6><field7 name="Increment Combo">Volts or Amperes</field7><field8 name="Stop Combo">Volts or Amperes</field8><field9 name="Source 2" /><field10 name="Start" /><field11 name="Increment" /><field12 name="Stop" /><field13 name="Start Combo">Volts or Amperes</field13><field14 name="Increment Combo">Volts or Amperes</field14><field15 name="Stop Combo">Volts or Amperes</field15></dc><tran><field1 name="Start Time">0</field1><field2 name="Step Time">1</field2><field3 name="Stop Time">100</field3><field4 name="Start Combo">sec</field4><field5 name="Step Combo">us</field5><field6 name="Stop Combo">ms</field6></tran></analysis></KicadtoNgspice>